<annotation>
	<folder>KOIN_2</folder>
	<filename>images_11.jpg</filename>
	<path>D:\PAI\KOIN_2\images_11.jpg</path>
	<source>
		<database>Unknown</database>
	</source>
	<size>
		<width>3072</width>
		<height>3072</height>
		<depth>3</depth>
	</size>
	<segmented>0</segmented>
	<object>
		<name>500</name>
		<pose>Unspecified</pose>
		<truncated>0</truncated>
		<difficult>0</difficult>
		<bndbox>
			<xmin>1953</xmin>
			<ymin>529</ymin>
			<xmax>2611</xmax>
			<ymax>1195</ymax>
		</bndbox>
	</object>
	<object>
		<name>500_2</name>
		<pose>Unspecified</pose>
		<truncated>0</truncated>
		<difficult>0</difficult>
		<bndbox>
			<xmin>2017</xmin>
			<ymin>2052</ymin>
			<xmax>2694</xmax>
			<ymax>2699</ymax>
		</bndbox>
	</object>
	<object>
		<name>100</name>
		<pose>Unspecified</pose>
		<truncated>0</truncated>
		<difficult>0</difficult>
		<bndbox>
			<xmin>1357</xmin>
			<ymin>1382</ymin>
			<xmax>1890</xmax>
			<ymax>1912</ymax>
		</bndbox>
	</object>
	<object>
		<name>200</name>
		<pose>Unspecified</pose>
		<truncated>0</truncated>
		<difficult>0</difficult>
		<bndbox>
			<xmin>537</xmin>
			<ymin>2109</ymin>
			<xmax>1160</xmax>
			<ymax>2705</ymax>
		</bndbox>
	</object>
	<object>
		<name>1000</name>
		<pose>Unspecified</pose>
		<truncated>0</truncated>
		<difficult>0</difficult>
		<bndbox>
			<xmin>590</xmin>
			<ymin>642</ymin>
			<xmax>1217</xmax>
			<ymax>1255</ymax>
		</bndbox>
	</object>
</annotation>
