<annotation>
	<folder>KOIN_2</folder>
	<filename>images_9.jpg</filename>
	<path>D:\PAI\KOIN_2\images_9.jpg</path>
	<source>
		<database>Unknown</database>
	</source>
	<size>
		<width>3072</width>
		<height>3072</height>
		<depth>3</depth>
	</size>
	<segmented>0</segmented>
	<object>
		<name>200</name>
		<pose>Unspecified</pose>
		<truncated>0</truncated>
		<difficult>0</difficult>
		<bndbox>
			<xmin>1363</xmin>
			<ymin>115</ymin>
			<xmax>1980</xmax>
			<ymax>719</ymax>
		</bndbox>
	</object>
	<object>
		<name>100</name>
		<pose>Unspecified</pose>
		<truncated>0</truncated>
		<difficult>0</difficult>
		<bndbox>
			<xmin>2474</xmin>
			<ymin>652</ymin>
			<xmax>3038</xmax>
			<ymax>1212</ymax>
		</bndbox>
	</object>
	<object>
		<name>1000</name>
		<pose>Unspecified</pose>
		<truncated>0</truncated>
		<difficult>0</difficult>
		<bndbox>
			<xmin>2371</xmin>
			<ymin>1902</ymin>
			<xmax>2974</xmax>
			<ymax>2492</ymax>
		</bndbox>
	</object>
	<object>
		<name>500</name>
		<pose>Unspecified</pose>
		<truncated>0</truncated>
		<difficult>0</difficult>
		<bndbox>
			<xmin>1173</xmin>
			<ymin>2115</ymin>
			<xmax>1863</xmax>
			<ymax>2809</ymax>
		</bndbox>
	</object>
	<object>
		<name>500_2</name>
		<pose>Unspecified</pose>
		<truncated>0</truncated>
		<difficult>0</difficult>
		<bndbox>
			<xmin>490</xmin>
			<ymin>1092</ymin>
			<xmax>1187</xmax>
			<ymax>1739</ymax>
		</bndbox>
	</object>
</annotation>
