<annotation>
	<folder>KOIN_2</folder>
	<filename>images_19.jpg</filename>
	<path>D:\PAI\KOIN_2\images_19.jpg</path>
	<source>
		<database>Unknown</database>
	</source>
	<size>
		<width>3072</width>
		<height>3072</height>
		<depth>3</depth>
	</size>
	<segmented>0</segmented>
	<object>
		<name>1000</name>
		<pose>Unspecified</pose>
		<truncated>0</truncated>
		<difficult>0</difficult>
		<bndbox>
			<xmin>180</xmin>
			<ymin>465</ymin>
			<xmax>767</xmax>
			<ymax>1055</ymax>
		</bndbox>
	</object>
	<object>
		<name>200</name>
		<pose>Unspecified</pose>
		<truncated>0</truncated>
		<difficult>0</difficult>
		<bndbox>
			<xmin>920</xmin>
			<ymin>1209</ymin>
			<xmax>1507</xmax>
			<ymax>1795</ymax>
		</bndbox>
	</object>
	<object>
		<name>500_2</name>
		<pose>Unspecified</pose>
		<truncated>0</truncated>
		<difficult>0</difficult>
		<bndbox>
			<xmin>1657</xmin>
			<ymin>389</ymin>
			<xmax>2338</xmax>
			<ymax>1029</ymax>
		</bndbox>
	</object>
	<object>
		<name>100</name>
		<pose>Unspecified</pose>
		<truncated>0</truncated>
		<difficult>0</difficult>
		<bndbox>
			<xmin>203</xmin>
			<ymin>2015</ymin>
			<xmax>750</xmax>
			<ymax>2582</ymax>
		</bndbox>
	</object>
	<object>
		<name>500</name>
		<pose>Unspecified</pose>
		<truncated>0</truncated>
		<difficult>0</difficult>
		<bndbox>
			<xmin>1690</xmin>
			<ymin>1975</ymin>
			<xmax>2348</xmax>
			<ymax>2609</ymax>
		</bndbox>
	</object>
</annotation>
