<annotation>
	<folder>KOIN_2</folder>
	<filename>images_24.jpg</filename>
	<path>D:\PAI\KOIN_2\images_24.jpg</path>
	<source>
		<database>Unknown</database>
	</source>
	<size>
		<width>3072</width>
		<height>3072</height>
		<depth>3</depth>
	</size>
	<segmented>0</segmented>
	<object>
		<name>500_2</name>
		<pose>Unspecified</pose>
		<truncated>0</truncated>
		<difficult>0</difficult>
		<bndbox>
			<xmin>497</xmin>
			<ymin>222</ymin>
			<xmax>1123</xmax>
			<ymax>869</ymax>
		</bndbox>
	</object>
	<object>
		<name>100</name>
		<pose>Unspecified</pose>
		<truncated>0</truncated>
		<difficult>0</difficult>
		<bndbox>
			<xmin>1427</xmin>
			<ymin>1019</ymin>
			<xmax>1973</xmax>
			<ymax>1552</ymax>
		</bndbox>
	</object>
	<object>
		<name>500</name>
		<pose>Unspecified</pose>
		<truncated>0</truncated>
		<difficult>0</difficult>
		<bndbox>
			<xmin>2043</xmin>
			<ymin>342</ymin>
			<xmax>2661</xmax>
			<ymax>975</ymax>
		</bndbox>
	</object>
	<object>
		<name>1000</name>
		<pose>Unspecified</pose>
		<truncated>0</truncated>
		<difficult>0</difficult>
		<bndbox>
			<xmin>2254</xmin>
			<ymin>1799</ymin>
			<xmax>2821</xmax>
			<ymax>2369</ymax>
		</bndbox>
	</object>
	<object>
		<name>200</name>
		<pose>Unspecified</pose>
		<truncated>0</truncated>
		<difficult>0</difficult>
		<bndbox>
			<xmin>643</xmin>
			<ymin>1772</ymin>
			<xmax>1223</xmax>
			<ymax>2349</ymax>
		</bndbox>
	</object>
</annotation>
