<annotation>
	<folder>KOIN_2</folder>
	<filename>images_51.jpg</filename>
	<path>D:\PAI\KOIN_2\images_51.jpg</path>
	<source>
		<database>Unknown</database>
	</source>
	<size>
		<width>3072</width>
		<height>3072</height>
		<depth>3</depth>
	</size>
	<segmented>0</segmented>
	<object>
		<name>200</name>
		<pose>Unspecified</pose>
		<truncated>0</truncated>
		<difficult>0</difficult>
		<bndbox>
			<xmin>1343</xmin>
			<ymin>679</ymin>
			<xmax>1987</xmax>
			<ymax>1329</ymax>
		</bndbox>
	</object>
	<object>
		<name>500_2</name>
		<pose>Unspecified</pose>
		<truncated>1</truncated>
		<difficult>0</difficult>
		<bndbox>
			<xmin>1</xmin>
			<ymin>1109</ymin>
			<xmax>687</xmax>
			<ymax>1845</ymax>
		</bndbox>
	</object>
	<object>
		<name>500</name>
		<pose>Unspecified</pose>
		<truncated>0</truncated>
		<difficult>0</difficult>
		<bndbox>
			<xmin>1050</xmin>
			<ymin>1682</ymin>
			<xmax>1727</xmax>
			<ymax>2375</ymax>
		</bndbox>
	</object>
	<object>
		<name>100</name>
		<pose>Unspecified</pose>
		<truncated>0</truncated>
		<difficult>0</difficult>
		<bndbox>
			<xmin>2121</xmin>
			<ymin>2195</ymin>
			<xmax>2721</xmax>
			<ymax>2789</ymax>
		</bndbox>
	</object>
	<object>
		<name>1000</name>
		<pose>Unspecified</pose>
		<truncated>0</truncated>
		<difficult>0</difficult>
		<bndbox>
			<xmin>487</xmin>
			<ymin>2372</ymin>
			<xmax>1127</xmax>
			<ymax>2999</ymax>
		</bndbox>
	</object>
</annotation>
