<annotation>
	<folder>KOIN_2</folder>
	<filename>images_43.jpg</filename>
	<path>D:\PAI\KOIN_2\images_43.jpg</path>
	<source>
		<database>Unknown</database>
	</source>
	<size>
		<width>3072</width>
		<height>3072</height>
		<depth>3</depth>
	</size>
	<segmented>0</segmented>
	<object>
		<name>100</name>
		<pose>Unspecified</pose>
		<truncated>0</truncated>
		<difficult>0</difficult>
		<bndbox>
			<xmin>1407</xmin>
			<ymin>205</ymin>
			<xmax>1840</xmax>
			<ymax>659</ymax>
		</bndbox>
	</object>
	<object>
		<name>200</name>
		<pose>Unspecified</pose>
		<truncated>0</truncated>
		<difficult>0</difficult>
		<bndbox>
			<xmin>1377</xmin>
			<ymin>745</ymin>
			<xmax>1880</xmax>
			<ymax>1252</ymax>
		</bndbox>
	</object>
	<object>
		<name>500</name>
		<pose>Unspecified</pose>
		<truncated>0</truncated>
		<difficult>0</difficult>
		<bndbox>
			<xmin>1353</xmin>
			<ymin>1289</ymin>
			<xmax>1933</xmax>
			<ymax>1809</ymax>
		</bndbox>
	</object>
	<object>
		<name>500_2</name>
		<pose>Unspecified</pose>
		<truncated>0</truncated>
		<difficult>0</difficult>
		<bndbox>
			<xmin>1370</xmin>
			<ymin>1819</ymin>
			<xmax>1923</xmax>
			<ymax>2359</ymax>
		</bndbox>
	</object>
	<object>
		<name>1000</name>
		<pose>Unspecified</pose>
		<truncated>0</truncated>
		<difficult>0</difficult>
		<bndbox>
			<xmin>1390</xmin>
			<ymin>2385</ymin>
			<xmax>1927</xmax>
			<ymax>2879</ymax>
		</bndbox>
	</object>
</annotation>
